{"train_loss": -3.542388947113701, "train_psnr": 20.08699035644531, "_timestamp": 1680314330.0908718, "_runtime": 40347.49656176567, "_step": 3496, "valid_loss": -3.3895670771598816, "valid_psnr": 20.585281515121466, "best_val_psnr": 25.05839252471924, "epoch": 1163}